<?xml version="1.0" encoding="UTF-8"?>
<project-private xmlns="http://www.netbeans.org/ns/project-private/1">
    <editor-bookmarks xmlns="http://www.netbeans.org/ns/editor-bookmarks/2" lastBookmarkId="0"/>
    <open-files xmlns="http://www.netbeans.org/ns/projectui-open-files/2">
        <group>
            <file>file:/C:/Users/Administrator/Documents/NetBeansProjects/GovernmentSSS/src/members/Member.java</file>
            <file>file:/C:/Users/Administrator/Documents/NetBeansProjects/GovernmentSSS/src/login/AccReg.java</file>
            <file>file:/C:/Users/Administrator/Documents/NetBeansProjects/GovernmentSSS/src/governmentsss/GovernmentSSS.java</file>
            <file>file:/C:/Users/Administrator/Documents/NetBeansProjects/GovernmentSSS/src/members/Balance.java</file>
            <file>file:/C:/Users/Administrator/Documents/NetBeansProjects/GovernmentSSS/src/login/AccLog.java</file>
        </group>
    </open-files>
</project-private>
